Company,
Alcide,
Armis Security,V
1touch.io,V
Adanite,
AlgoSec,V
Anjuna,
Aperio,V
Apolloshield,V
Aqua Security,V
At Bay,
AVANAN,V
Axonius,V
Ayehu Software Technologies,V
beame.io,V
Beyond Security,V
BigID,V
BioCatch,
BitDam,
Cato Networks,V
Ceedo Technologies,
ChameleonX,V
Check Point Software Technologies,V
Checkmarx,V
Claroty,V
Cognigo,V
CommuniTake-Technologies,
Coronet,
Cronus-Cyber-Technologies,V
CyBellum,V
Cyber-Observer,v
CyberArk,V
Cyberbit,V
Cybereason,V
CyberInt,V
CyberX,v
CYBONET,v
CyCognito,
Cy-oT,v
Cylus,v
Cymmetria,v
CyMotive,v
Cymulate,v
Cynerio,v
Cynet,
Cyren,v
Cytegic,v
D-Fend Solutions,v
D-ID,v
DataSunrise,v
Dcoya,v
Deep Instinct,v
Demisto,v
DocAuthority,
Dome9 Security,v
Duality Technologies,v
empow,
Enigmatos,
enSilo,v
Ericom Software,v
EverCompliant,
Exabeam,
Firmitas Cyber Solutions,v
FirstPoint Mobile Guard,v
ForeScout,v
Forter,v
Fraugster,v
GuardiCore,v
GuardKnox,
Hysolate,v
Illusive Networks,v
Imperva,v
imVision Technologies,
Indegy,v
Inpedio,v
Intezer Labs,v
IntSights,v
IronScales,v
Javelin Networks,v
Karamba Security,v
Octarine,
Kaymera Technologies,v
KELA Group,v
Kindite,v
Kovrr,v
LEVL Technologies,
LogDog,v
Luminate Security,v
MediGate,v
Meta Networks,v
Minereye,v
Minerva Labs,v
Morphisec,v
Namogoo,v
NanoLock Security,v
Nation-E,v
nsKnox Technologies,v
Nubo Software,v
Nyotron Information Security,v
ObserveIT,v
ODI,v
Panorays,v
Paygilant,
Pcysys,v
Perception Point,v
PerimeterX,v
PlainID,
Portnox,v
Preempt Security,v
Protected Media,v
Protego Labs,v
PureSec,v
RADiFlow,v
Radware,v
Re-Sec Technologies,v
Reblaze,v
Regulus Cyber,v
Reposify,
Riskified,v
SafeBreach,v
SafeRide Technologies,v
SAM Seamless Networks,v
Sasa Software,v
Sayata Labs,
SCADAfence,v
SecBI,v
Salt,
Secret Double Octopus,v
SecuPi,v
SecuredTouch,v
SecurePush,v
SecuriThings,v
SecurityDAM,v
SegaSec,v
SentinelOne,v
Prifender,v
Semperis,v
Sepio Systems,v
Shieldox,v
Siemplify,v
SIGA,v
Silverfort,
Simplex,
Sixgill,
Skybox Security,v
Snyk,v
Solebit Labs,v
SourceDefense,v
ThetaRay,v
TokenID,
Transmit Security,v
TrapX Security,v
Tufin,v
Twistlock,v
Unbotify,v
Unbound Tech,v
Uponit,
Upstream Security,v
Vdoo Connected Trust,
Votiro,v
Vulcan Cyber,
Waterfall Security Solutions,v
WhiteSource,v
WireX Systems,v
XM Cyber,v
Verint,
Zimperium,v
